,id,symbol,name,image,current_price,market_cap,market_cap_rank,fully_diluted_valuation,total_volume,high_24h,low_24h,price_change_24h,price_change_percentage_24h,market_cap_change_24h,market_cap_change_percentage_24h,circulating_supply,total_supply,max_supply,ath,ath_change_percentage,ath_date,atl,atl_change_percentage,atl_date,roi,last_updated
0,bitcoin,btc,Bitcoin,https://coin-images.coingecko.com/coins/images/1/large/bitcoin.png?1696501400,82870.0,1648762403249,1,1648762403249,56735850529.0,87791.0,82277.0,-1675.3126748810319,-1.98155,-30466043218.235596,-1.81429,19845871.0,19845871.0,21000000.0,108786.0,-23.66032,2025-01-20T09:11:54.494Z,67.81,122371.24346,2013-07-06T00:00:00.000Z,,2025-04-03T12:07:04.671Z
1,ethereum,eth,Ethereum,https://coin-images.coingecko.com/coins/images/279/large/ethereum.png?1696501628,1791.02,216571537533,2,216571537533,25317522614.0,1934.1,1787.86,-73.99347646114506,-3.96745,-8985000792.498749,-3.98348,120664450.2605546,120664450.2605546,,4878.26,-63.21902,2021-11-10T14:24:19.604Z,0.432979,414301.79958,2015-10-20T00:00:00.000Z,"{'times': 27.875338966394498, 'currency': 'btc', 'percentage': 2787.5338966394497}",2025-04-03T12:06:57.337Z
2,tether,usdt,Tether,https://coin-images.coingecko.com/coins/images/325/large/Tether.png?1696501661,0.999769,144001534362,3,144001534362,83311700744.0,1.0,0.999644,-0.000160483271072986,-0.01605,-21264634.505462646,-0.01476,144034280963.4801,144034280963.4801,,1.32,-24.43664,2018-07-24T00:00:00.000Z,0.572521,74.62682,2015-03-02T00:00:00.000Z,,2025-04-03T12:06:58.056Z
3,ripple,xrp,XRP,https://coin-images.coingecko.com/coins/images/44/large/xrp-symbol-white-128.png?1696501442,2.03,118284939947,4,203191002077,6299024167.0,2.19,2.0,-0.0869336914806067,-4.1106,-4839991382.108276,-3.93096,58205697378.0,99986304107.0,100000000000.0,3.4,-40.24346,2018-01-07T00:00:00.000Z,0.00268621,75500.89013,2014-05-22T00:00:00.000Z,,2025-04-03T12:06:53.977Z
4,binancecoin,bnb,BNB,https://coin-images.coingecko.com/coins/images/825/large/bnb-icon2_2x.png?1696501970,592.01,86546598204,5,86546598204,1864669258.0,611.36,584.99,-6.95888192116638,-1.1618,-981572080.0553589,-1.12144,145887575.79,145887575.79,200000000.0,788.84,-24.81959,2024-12-04T10:35:25.220Z,0.0398177,1489327.87643,2017-10-19T00:00:00.000Z,,2025-04-03T12:07:04.510Z
5,usd-coin,usdc,USDC,https://coin-images.coingecko.com/coins/images/6319/large/usdc.png?1696506694,0.999877,60639197814,6,60703725126,14532492433.0,1.0,0.999873,-1.92569523082e-05,-0.00193,536445171.0,0.89255,60643318652.55108,60707850349.18632,,1.17,-14.7329,2019-05-08T00:40:28.300Z,0.877647,13.93338,2023-03-11T08:02:13.981Z,,2025-04-03T12:06:58.284Z
6,solana,sol,Solana,https://coin-images.coingecko.com/coins/images/4128/large/solana.png?1718769756,115.48,59305892708,7,69146776111,7818869201.0,134.14,115.56,-10.36630672394287,-8.23743,-5157454244.554092,-8.0006,512624522.8807097,597686528.1679729,,293.31,-60.52245,2025-01-19T11:15:27.957Z,0.500801,23021.42564,2020-05-11T19:35:23.449Z,,2025-04-03T12:06:56.087Z
7,dogecoin,doge,Dogecoin,https://coin-images.coingecko.com/coins/images/5/large/dogecoin.png?1696501409,0.159905,23817548802,8,23821231807,1931554848.0,0.177884,0.159963,-0.011520654517820944,-6.7205,-1671260031.6173096,-6.55684,148673556383.7052,148696546383.7052,,0.731578,-78.11162,2021-05-08T05:08:23.458Z,8.69e-05,184162.01594,2015-05-06T00:00:00.000Z,,2025-04-03T12:06:57.234Z
8,cardano,ada,Cardano,https://coin-images.coingecko.com/coins/images/975/large/cardano.png?1696502090,0.641318,23131402278,9,28923754445,1088272109.0,0.698676,0.636305,-0.035261860503839615,-5.21178,-1250400855.6752167,-5.12842,35988173820.26504,45000000000.0,45000000000.0,3.09,-79.19884,2021-09-02T06:00:10.474Z,0.01925275,3235.17799,2020-03-13T02:22:55.044Z,,2025-04-03T12:07:04.572Z
9,tron,trx,TRON,https://coin-images.coingecko.com/coins/images/1094/large/tron-logo.png?1696502193,0.231452,22021777320,10,22021939166,761553092.0,0.241454,0.231278,-0.006403084564967437,-2.69201,-613257627.9460983,-2.70933,94984629722.39697,94985327796.68628,,0.431288,-46.30653,2024-12-04T00:10:40.323Z,0.00180434,12734.24897,2017-11-12T00:00:00.000Z,"{'times': 120.81703529111563, 'currency': 'usd', 'percentage': 12081.703529111563}",2025-04-03T12:06:57.806Z
10,staked-ether,steth,Lido Staked Ether,https://coin-images.coingecko.com/coins/images/13442/large/steth_logo.png?1696513206,1788.36,16809673302,11,16809673302,18019653.0,1939.11,1785.64,-76.99414723056111,-4.12759,-702319422.310072,-4.01051,9378727.163119422,9378727.163119422,,4829.57,-62.87791,2021-11-10T14:40:47.256Z,482.9,271.26763,2020-12-22T04:08:21.854Z,,2025-04-03T12:06:55.010Z
11,wrapped-bitcoin,wbtc,Wrapped Bitcoin,https://coin-images.coingecko.com/coins/images/7598/large/wrapped_bitcoin_wbtc.png?1696507857,82777.0,10684312807,12,10684312807,395578858.0,87635.0,82211.0,-1634.7314317577984,-1.93663,-209659955.39596748,-1.92455,128915.05657878,128915.05657878,128915.05657878,108368.0,-23.51775,2025-01-20T07:16:27.137Z,3139.17,2540.25501,2019-04-02T00:00:00.000Z,,2025-04-03T12:06:58.437Z
12,the-open-network,ton,Toncoin,https://coin-images.coingecko.com/coins/images/17980/large/photo_2024-09-10_17.09.00.jpeg?1725963446,3.68,9085660350,13,18918801071,302692646.0,4.08,3.65,-0.3493733694073695,-8.67692,-820230818.2158604,-8.28023,2461875281.867503,5126289881.604624,,8.25,-55.31358,2024-06-15T00:36:51.509Z,0.519364,610.14598,2021-09-21T00:33:11.092Z,,2025-04-03T12:06:57.350Z
13,leo-token,leo,LEO Token,https://coin-images.coingecko.com/coins/images/8418/large/leo-token.png?1696508607,9.4,8702346596,14,9281060248,5514722.0,9.55,9.29,0.01444969,0.15393,33933101.0,0.39146,923805622.9,985239504.0,,10.14,-7.02907,2025-03-10T09:26:43.294Z,0.799859,1078.04561,2019-12-24T15:14:35.376Z,,2025-04-03T12:07:01.603Z
14,chainlink,link,Chainlink,https://coin-images.coingecko.com/coins/images/877/large/chainlink-new-logo.png?1696502009,12.76,8168479775,15,12801253942,771224487.0,14.21,12.73,-0.7045501601964528,-5.23218,-445511355.1779442,-5.17195,638099971.4505637,1000000000.0,1000000000.0,52.7,-75.70394,2021-05-10T00:13:57.214Z,0.148183,8540.11474,2017-11-29T00:00:00.000Z,,2025-04-03T12:06:57.221Z
15,usds,usds,USDS,https://coin-images.coingecko.com/coins/images/39926/large/usds.webp?1726666683,0.999919,8001107057,16,8001107057,17686787.0,1.0,0.999272,-0.000193698122116337,-0.01937,-26705081.542798042,-0.33266,8002577464.227082,8002577464.227082,,1.057,-5.42912,2024-10-29T05:40:51.197Z,0.948265,5.44718,2024-10-03T13:19:28.826Z,,2025-04-03T12:06:57.557Z
16,stellar,xlm,Stellar,https://coin-images.coingecko.com/coins/images/100/large/fmpFRHHQ_400x400.jpg?1735231350,0.256928,7929460990,17,12882390035,246893510.0,0.275709,0.25495,-0.010012134323191868,-3.7507,-297629034.3022289,-3.61767,30777458030.30096,50001786892.81792,50001786892.81792,0.875563,-70.58041,2018-01-03T00:00:00.000Z,0.00047612,54000.90511,2015-03-05T00:00:00.000Z,,2025-04-03T12:06:56.247Z
17,wrapped-steth,wsteth,Wrapped stETH,https://coin-images.coingecko.com/coins/images/18834/large/wstETH.png?1696518295,2144.76,7725843853,18,7725843853,24240887.0,2313.5,2138.01,-88.14994519741913,-3.94775,-337870967.6761589,-4.19002,3594118.460627573,3594118.460627573,,7256.02,-70.37645,2022-05-13T15:09:54.509Z,558.54,284.84099,2022-05-13T01:36:45.053Z,,2025-04-03T12:06:58.866Z
18,avalanche-2,avax,Avalanche,https://coin-images.coingecko.com/coins/images/12559/large/Avalanche_Circle_RedWhite_Trans.png?1696512369,18.02,7503612228,19,8166779488,514894967.0,19.81,17.83,-1.1483053385120776,-5.99171,-485534816.9183712,-6.07743,414907394.021577,451576799.5796649,720000000.0,144.96,-87.52459,2021-11-21T14:18:56.538Z,2.8,545.63007,2020-12-31T13:15:21.540Z,,2025-04-03T12:07:02.586Z
19,sui,sui,Sui,https://coin-images.coingecko.com/coins/images/26375/large/sui-ocean-square.png?1727791290,2.23,7273747320,20,22380878739,1628895200.0,2.52,2.24,-0.20798715072516183,-8.51376,-668229174.5301971,-8.41389,3249982900.458887,10000000000.0,10000000000.0,5.35,-58.17816,2025-01-04T22:56:18.063Z,0.364846,512.86977,2023-10-19T10:40:30.078Z,,2025-04-03T12:06:57.592Z
20,shiba-inu,shib,Shiba Inu,https://coin-images.coingecko.com/coins/images/11939/large/shiba.png?1696511800,1.206e-05,7110728585,21,7113794043,314634549.0,1.287e-05,1.198e-05,-2.4788797364e-07,-2.01464,-142885061.52845955,-1.96985,589250687955123.8,589504715812913.0,,8.616e-05,-85.98126,2021-10-28T03:54:55.568Z,5.6366e-11,21428231.80695,2020-11-28T11:26:25.838Z,,2025-04-03T12:06:54.425Z
21,hedera-hashgraph,hbar,Hedera,https://coin-images.coingecko.com/coins/images/3688/large/hbar.png?1696504364,0.15868,6713082109,22,7950116045,371067975.0,0.177306,0.158406,-0.007238465907677488,-4.36267,-304823563.1260538,-4.34351,42220025920.63747,50000000000.0,50000000000.0,0.569229,-72.05113,2021-09-15T10:40:28.318Z,0.00986111,1513.33807,2020-01-02T17:30:24.852Z,,2025-04-03T12:06:58.588Z
22,litecoin,ltc,Litecoin,https://coin-images.coingecko.com/coins/images/2/large/litecoin.png?1696501400,82.35,6253098606,23,6253180690,663606224.0,87.78,81.24,0.00346772,0.00421,15045043.0,0.24118,75703839.48347135,75704833.23347135,84000000.0,410.26,-79.89674,2021-05-10T03:13:07.904Z,1.15,7079.01827,2015-01-14T00:00:00.000Z,,2025-04-03T12:07:02.154Z
23,mantra-dao,om,MANTRA,https://coin-images.coingecko.com/coins/images/12151/large/OM_Token.png?1696511991,6.32,6101948681,24,11469210183,108751650.0,6.44,6.15,0.02021395,0.32089,-16065950.692080498,-0.2626,965413130.4999995,1814588533.42,,8.99,-29.44079,2025-02-23T01:52:21.073Z,0.01726188,36628.3465,2023-10-12T17:25:09.068Z,,2025-04-03T12:07:01.841Z
24,polkadot,dot,Polkadot,https://coin-images.coingecko.com/coins/images/12171/large/polkadot.png?1696512008,3.93,6002309797,25,6002309797,264657948.0,4.22,3.92,-0.1320477045076922,-3.25095,-193802009.20088863,-3.1278,1522267060.0,1522267060.0,,54.98,-92.8258,2021-11-04T14:10:09.301Z,2.7,46.22815,2020-08-20T05:48:11.359Z,,2025-04-03T12:06:53.344Z
25,bitcoin-cash,bch,Bitcoin Cash,https://coin-images.coingecko.com/coins/images/780/large/bitcoin-cash-circle.png?1696501932,301.61,6001132725,26,6001132725,270099794.0,314.82,290.98,-3.308404623339584,-1.085,-65560134.05437851,-1.08066,19850843.64665078,19850843.64665078,21000000.0,3785.82,-92.0252,2017-12-20T00:00:00.000Z,76.93,292.42519,2018-12-16T00:00:00.000Z,,2025-04-03T12:07:04.517Z
26,bitget-token,bgb,Bitget Token,https://coin-images.coingecko.com/coins/images/11610/large/Bitget_logo.png?1736925727,4.52,5423506692,27,5423506692,123517588.0,4.65,4.46,-0.03443800882067283,-0.75604,-46998560.47441864,-0.85913,1199999994.2,1199999994.2,2000000000.0,8.45,-46.40079,2024-12-27T11:41:24.992Z,0.0142795,31618.93908,2020-06-25T04:17:05.895Z,,2025-04-03T12:07:03.090Z
27,ethena-usde,usde,Ethena USDe,https://coin-images.coingecko.com/coins/images/33613/large/usde.png?1733810059,0.999561,5248259743,28,5248259743,187647986.0,1.0,0.999224,-0.000767833251640759,-0.07676,-13153928.371528625,-0.25001,5250029280.640284,5250029280.640284,,1.032,-3.14769,2023-12-20T15:38:34.596Z,0.929486,7.54281,2024-10-04T07:57:15.809Z,,2025-04-03T12:06:56.745Z
28,binance-bridged-usdt-bnb-smart-chain,bsc-usd,Binance Bridged USDT (BNB Smart Chain),https://coin-images.coingecko.com/coins/images/35021/large/USDT.png?1707233575,0.99993,5189727243,29,5189727243,368862569.0,1.009,0.983924,-0.001090059255104192,-0.10889,-4089489.24097538,-0.07874,5184994301.618546,5184994301.618546,,1.05,-4.77262,2024-08-05T14:21:42.527Z,0.942186,6.12029,2024-12-05T22:30:39.827Z,,2025-04-03T12:06:54.409Z
29,weth,weth,WETH,https://coin-images.coingecko.com/coins/images/2518/large/weth.png?1696503332,1790.62,5093485722,30,5093485722,167212486.0,1939.72,1785.36,-77.12107025742421,-4.1291,-235798631.29087925,-4.42458,2840615.155607792,2840615.155607792,,4799.89,-62.63107,2021-11-09T00:00:00.000Z,82.1,2084.64561,2018-12-15T00:00:00.000Z,,2025-04-03T12:06:58.550Z
30,pi-network,pi,Pi Network,https://coin-images.coingecko.com/coins/images/54342/large/pi_network.jpg?1739347576,0.608665,4141186059,31,6371055475,313157234.0,0.69664,0.605628,-0.05933778560366587,-8.88287,-381003358.65270615,-8.4252,6794101040.343595,10452463138.99014,100000000000.0,2.99,-79.66417,2025-02-26T16:41:03.732Z,0.605628,0.31826,2025-04-03T11:41:28.292Z,,2025-04-03T12:07:03.883Z
31,wrapped-eeth,weeth,Wrapped eETH,https://coin-images.coingecko.com/coins/images/33033/large/weETH.png?1701438396,1904.06,4075597471,32,4075597471,3907366.0,2056.97,1899.84,-78.8701265499908,-3.97745,-181651762.4529233,-4.26688,2136603.822047944,2136603.822047944,,4311.81,-55.78432,2024-12-06T20:32:25.758Z,1888.67,0.94368,2025-03-30T22:16:17.541Z,,2025-04-03T12:06:57.975Z
32,whitebit,wbt,WhiteBIT Coin,https://coin-images.coingecko.com/coins/images/27045/large/wbt_token.png?1696526096,27.79,4012436601,33,9131846827,45944008.0,28.53,27.5,-0.038450428333131725,-0.13815,2603800.0,0.06494,144118517.10815412,327997263.0,400000000.0,31.28,-11.04652,2025-03-02T22:22:36.852Z,3.06,808.66691,2023-02-13T19:01:21.899Z,,2025-04-03T12:06:57.334Z
33,monero,xmr,Monero,https://coin-images.coingecko.com/coins/images/69/large/monero_logo.png?1696501460,215.28,3972676081,34,3972676081,84493757.0,224.1,212.0,-0.03311488357209669,-0.01538,11862600.0,0.2995,18446744.07370955,18446744.07370955,,542.33,-60.32751,2018-01-09T00:00:00.000Z,0.216177,99426.93723,2015-01-14T00:00:00.000Z,,2025-04-03T12:06:50.396Z
34,hyperliquid,hype,Hyperliquid,https://coin-images.coingecko.com/coins/images/50882/large/hyperliquid.jpg?1729431300,11.24,3759877424,35,11259430982,190124138.0,14.31,11.2,-2.377875173195733,-17.46333,-810106613.3723664,-17.72668,333928180.0,999990391.0,1000000000.0,34.96,-67.93532,2024-12-22T03:56:00.276Z,3.81,194.31241,2024-11-29T09:30:30.871Z,,2025-04-03T12:06:59.607Z
35,uniswap,uni,Uniswap,https://coin-images.coingecko.com/coins/images/12504/large/uniswap-logo.png?1720676669,5.85,3520580332,36,5862913520,170527138.0,6.34,5.79,-0.22421655231568405,-3.69385,-132622233.02990627,-3.6303,600483073.71,1000000000.0,1000000000.0,44.92,-86.93191,2021-05-03T05:25:04.822Z,1.03,469.80201,2020-09-17T01:20:38.214Z,,2025-04-03T12:06:57.734Z
36,dai,dai,Dai,https://coin-images.coingecko.com/coins/images/9956/large/Badge_Dai.png?1696509996,0.99978,3169838342,37,3169838342,178857903.0,1.0,0.999368,5.04e-06,0.0005,-21524001.649761677,-0.67445,3170590893.6889,3170590893.6889,,1.22,-17.97833,2020-03-13T03:02:50.373Z,0.88196,13.35971,2023-03-11T07:50:50.514Z,,2025-04-03T12:06:56.046Z
37,aptos,apt,Aptos,https://coin-images.coingecko.com/coins/images/26455/large/aptos_round.png?1696525528,5.13,3104620339,38,5888702309,168935452.0,5.48,5.04,-0.17002963400509685,-3.20968,-99740737.05485392,-3.11266,604432613.0622345,1146460222.286565,,19.92,-74.23768,2023-01-26T14:25:17.390Z,3.08,66.63305,2022-12-29T21:35:14.796Z,,2025-04-03T12:07:01.675Z
38,susds,susds,sUSDS,https://coin-images.coingecko.com/coins/images/52721/large/sUSDS_Coin.png?1734086971,1.046,2981164062,39,2981164062,4144157.0,1.047,1.043,0.00109774,0.10508,2813804.0,0.09448,2849416827.829801,2849416827.829801,,1.088,-3.85295,2025-02-03T02:31:35.208Z,0.961716,8.76366,2025-01-04T01:21:08.460Z,,2025-04-03T12:06:55.425Z
39,pepe,pepe,Pepe,https://coin-images.coingecko.com/coins/images/29850/large/pepe-token.jpeg?1696528776,6.8e-06,2869501999,40,2869501999,1230792546.0,7.87e-06,6.81e-06,-5.34603068299e-07,-7.28651,-222257436.1926489,-7.1887,420690000000000.0,420690000000000.0,420690000000000.0,2.803e-05,-75.69082,2024-12-09T16:30:35.828Z,5.5142e-08,12256.05185,2023-04-18T02:14:41.591Z,,2025-04-03T12:07:04.527Z
40,near,near,NEAR Protocol,https://coin-images.coingecko.com/coins/images/10365/large/near.jpg?1696510367,2.38,2847733652,41,2952331389,269575715.0,2.72,2.37,-0.185649440816805,-7.2444,-232650581.59178925,-7.55265,1199120797.0,1243164706.0,,20.44,-88.38344,2022-01-16T22:09:45.873Z,0.526762,350.71666,2020-11-04T16:09:15.137Z,,2025-04-03T12:07:02.930Z
41,okb,okb,OKB,https://coin-images.coingecko.com/coins/images/4463/large/WeChat_Image_20220118095654.png?1696505053,46.43,2790884965,42,10975512603,10228438.0,48.45,46.48,-1.2215556804050038,-2.56348,-64626451.37504578,-2.26322,60000000.0,235957685.3,300000000.0,73.8,-36.97056,2024-03-14T00:30:12.502Z,0.580608,7911.91713,2019-01-14T00:00:00.000Z,,2025-04-03T12:07:02.938Z
42,coinbase-wrapped-btc,cbbtc,Coinbase Wrapped BTC,https://coin-images.coingecko.com/coins/images/40143/large/cbbtc.webp?1726136727,82906.0,2768670285,43,2768670285,459235276.0,88049.0,82402.0,-1652.98969087351,-1.95483,-37717444.433274746,-1.34399,33322.71577527,33322.71577527,,108953.0,-23.71537,2025-01-20T09:20:53.854Z,57439.0,44.70066,2024-09-12T14:07:41.775Z,,2025-04-03T12:06:55.673Z
43,tokenize-xchange,tkx,Tokenize Xchange,https://coin-images.coingecko.com/coins/images/4984/large/TKX_-_Logo_-_RGB-15.png?1696505519,34.23,2742593770,44,3428413674,20158137.0,34.8,33.93,-0.018150191263153204,-0.05299,2994084.0,0.10929,79995999.05112354,100000000.0,100000000.0,50.43,-32.01082,2025-01-03T19:12:43.038Z,0.111255,30719.24129,2019-04-28T00:00:00.000Z,"{'times': 116.84011096695384, 'currency': 'usd', 'percentage': 11684.011096695383}",2025-04-03T12:06:56.783Z
44,gatechain-token,gt,Gate,https://coin-images.coingecko.com/coins/images/8183/large/200X200.png?1735246724,21.82,2686120907,45,6556280356,14342749.0,23.2,21.87,-0.6963959257206795,-3.09323,-81490710.22355652,-2.94444,122910587.76765741,300000000.0,,25.94,-15.72285,2025-01-25T03:07:37.823Z,0.25754,8388.38482,2020-03-13T02:18:02.481Z,,2025-04-03T12:06:57.594Z
45,crypto-com-chain,cro,Cronos,https://coin-images.coingecko.com/coins/images/7310/large/cro_token_logo.png?1696507599,0.094392,2600304657,46,9236214921,69246282.0,0.10653,0.094153,-0.008609329470851315,-8.35845,-230344721.73012733,-8.13752,27429744947.6581,97429744947.6581,,0.965407,-90.17365,2021-11-24T15:53:54.855Z,0.0121196,682.73481,2019-02-08T00:00:00.000Z,,2025-04-03T12:06:55.887Z
46,mantle,mnt,Mantle,https://coin-images.coingecko.com/coins/images/30980/large/Mantle-Logo-mark.png?1739213200,0.749579,2527792935,47,4672384255,219998549.0,0.807689,0.749777,-0.03593899843472148,-4.5752,-115786826.56034613,-4.37993,3364694382.83684,6219316794.99,6219316794.99,1.54,-51.23453,2024-04-08T09:45:25.482Z,0.307978,143.6414,2023-10-18T02:50:46.942Z,,2025-04-03T12:07:02.833Z
47,ondo-finance,ondo,Ondo,https://coin-images.coingecko.com/coins/images/26580/large/ONDO.png?1696525656,0.790841,2501431621,48,7918159156,298150914.0,0.877062,0.779539,-0.01935510761960757,-2.38894,-68313267.49781322,-2.65837,3159107529.0,10000000000.0,10000000000.0,2.14,-63.10272,2024-12-16T00:36:00.777Z,0.082171,860.99536,2024-01-18T12:14:30.524Z,,2025-04-03T12:07:03.356Z
48,internet-computer,icp,Internet Computer,https://coin-images.coingecko.com/coins/images/14495/large/Internet_Computer_logo.png?1696514180,5.02,2430064689,49,2675978889,101466726.0,5.46,4.98,-0.22607958749794577,-4.313,-105993568.83257389,-4.17946,482980630.6444949,531856611.5477817,,700.65,-99.28166,2021-05-10T16:05:53.653Z,2.87,75.67285,2023-09-22T00:29:57.369Z,,2025-04-03T12:07:00.253Z
49,ethereum-classic,etc,Ethereum Classic,https://coin-images.coingecko.com/coins/images/453/large/ethereum-classic-logo.png?1696501717,15.87,2408353834,50,2408412293,122344022.0,17.2,15.85,-0.5890712537028762,-3.57836,-85745490.439991,-3.43793,151370181.3892335,151373855.6292335,210700000.0,167.09,-90.4899,2021-05-06T18:34:22.133Z,0.615038,2483.57895,2016-07-25T00:00:00.000Z,"{'times': 34.273272419418, 'currency': 'usd', 'percentage': 3427.3272419418}",2025-04-03T12:06:56.925Z
50,first-digital-usd,fdusd,First Digital USD,https://coin-images.coingecko.com/coins/images/31079/large/FDUSD_icon_black.png?1731097953,0.99424,2405483258,51,2405483258,7310642243.0,1.008,0.947246,-0.004017281916396831,-0.40243,-190741643.18676567,-7.34688,2419154419.993331,2419154419.993331,,1.15,-13.63546,2025-02-03T02:30:49.959Z,0.940377,5.73875,2024-12-05T22:30:51.394Z,,2025-04-03T12:06:57.264Z
51,ethena-staked-usde,susde,Ethena Staked USDe,https://coin-images.coingecko.com/coins/images/33669/large/sUSDe-Symbol-Color.png?1716307680,1.16,2281033012,52,2281033012,12689268.0,1.18,1.15,0.00055391,0.04759,7046284.0,0.30986,1957075724.078072,1957075724.078072,,1.29,-9.72552,2025-01-29T17:52:32.991Z,1.012,15.12447,2024-04-03T14:23:03.162Z,,2025-04-03T12:06:56.424Z
52,aave,aave,Aave,https://coin-images.coingecko.com/coins/images/12645/large/aave-token-round.png?1720472354,150.21,2275422068,53,2411595244,378976108.0,166.35,149.92,-8.09650526952845,-5.11433,-115486394.37155533,-4.83023,15096543.739738174,16000000.0,16000000.0,661.69,-77.20794,2021-05-18T21:19:59.514Z,26.02,479.5333,2020-11-05T09:20:11.928Z,,2025-04-03T12:07:00.868Z
53,blackrock-usd-institutional-digital-liquidity-fund,buidl,BlackRock USD Institutional Digital Liquidity Fund,https://coin-images.coingecko.com/coins/images/36291/large/blackrock.png?1711013223,1.0,1944517701,54,1944517701,0.0,1.0,1.0,0.0,0.0,8172943.0,0.42208,1944517700.919999,1944517700.919999,,1.0,0.0,2025-02-12T05:00:10.912Z,1.0,0.0,2025-02-12T05:45:10.196Z,,2025-04-03T12:00:18.125Z
54,cosmos,atom,Cosmos Hub,https://coin-images.coingecko.com/coins/images/1481/large/cosmos_hub.png?1696502525,4.31,1916217602,55,1916217602,162448382.0,4.55,4.16,-0.027797761066650217,-0.64031,-8372067.7263298035,-0.43501,443251294.129227,443251294.129227,,44.45,-90.27711,2022-01-17T00:34:41.497Z,1.16,272.53584,2020-03-13T02:27:44.591Z,"{'times': 42.13507192890694, 'currency': 'usd', 'percentage': 4213.507192890694}",2025-04-03T12:06:56.327Z
55,vechain,vet,VeChain,https://coin-images.coingecko.com/coins/images/1167/large/VET.png?1742383283,0.0213251,1837419534,56,1837419534,72680526.0,0.02369072,0.02129923,-0.00135351552673214,-5.96824,-115259792.78023362,-5.90265,85985041177.0,85985041177.0,86712634466.0,0.280991,-92.40135,2021-04-19T01:08:21.675Z,0.00191713,1013.72154,2020-03-13T02:29:59.652Z,"{'times': 3.167447086478851, 'currency': 'eth', 'percentage': 316.7447086478851}",2025-04-03T12:06:58.465Z
56,official-trump,trump,Official Trump,https://coin-images.coingecko.com/coins/images/53746/large/trump.png?1737171561,8.96,1793625715,57,8968129624,917008375.0,10.64,8.96,-1.3478619119354285,-13.07757,-267065035.6913867,-12.95998,199999976.636,1000000000.0,1000000000.0,73.43,-87.77608,2025-01-19T11:50:34.806Z,4.29,109.20016,2025-01-18T03:40:29.231Z,,2025-04-03T12:07:04.091Z
57,lombard-staked-btc,lbtc,Lombard Staked BTC,https://coin-images.coingecko.com/coins/images/39969/large/LBTC_Logo.png?1724959872,82787.0,1763075378,58,1763075378,14726417.0,87434.0,81780.0,-1864.340497111989,-2.20236,-43017798.81712985,-2.38182,21268.69582502783,21268.69582502783,,114576.0,-27.51007,2025-02-04T01:47:44.052Z,52119.0,59.35696,2024-09-06T21:01:52.094Z,,2025-04-03T12:07:01.485Z
58,bittensor,tao,Bittensor,https://coin-images.coingecko.com/coins/images/28452/large/ARUsPeNQ_400x400.jpeg?1696527447,203.79,1749669517,59,4298961415,137261000.0,235.59,203.81,-21.742553033219906,-9.64047,-184230363.6959145,-9.52637,8546962.0,21000000.0,21000000.0,757.6,-73.04553,2024-03-07T18:45:36.466Z,30.83,562.36988,2023-05-14T08:57:53.732Z,,2025-04-03T12:07:02.885Z
59,fasttoken,ftn,Fasttoken,https://coin-images.coingecko.com/coins/images/28478/large/lightenicon_200x200.png?1696527472,4.03,1736359255,60,3514768394,50602260.0,4.09,3.96,-0.003276770105888893,-0.08128,4370744.0,0.25235,430162537.0,870742437.0,1000000000.0,4.09,-1.50959,2025-04-02T20:15:55.922Z,0.398142,912.76057,2023-01-21T10:15:39.503Z,,2025-04-03T12:06:56.720Z
60,filecoin,fil,Filecoin,https://coin-images.coingecko.com/coins/images/12817/large/filecoin.png?1696512609,2.67,1735220880,61,5254403458,190308986.0,2.88,2.66,-0.10093139967359477,-3.6369,-67579989.52501988,-3.74861,647135072.0,1959582667.0,1959583681.0,236.84,-98.86679,2021-04-01T13:29:41.564Z,2.48,8.33605,2025-03-11T01:10:57.279Z,,2025-04-03T12:06:56.758Z
61,render-token,render,Render,https://coin-images.coingecko.com/coins/images/11636/large/rndr.png?1696511529,3.17,1644768357,62,1691660936,340389841.0,3.79,3.16,-0.32163380383258167,-9.2095,-172144864.92831087,-9.47458,517716590.0562826,532476763.3362826,,13.53,-76.4997,2024-03-17T16:30:24.636Z,0.03665669,8576.97809,2020-06-16T13:22:25.900Z,,2025-04-03T12:06:53.321Z
62,ethena,ena,Ethena,https://coin-images.coingecko.com/coins/images/36530/large/ethena.png?1711701436,0.30716,1624190504,63,4608994630,312686613.0,0.378065,0.306525,-0.046203398167408705,-13.07531,-248900822.5959127,-13.28824,5285937500.0,15000000000.0,,1.52,-79.75165,2024-04-11T13:15:15.057Z,0.195078,57.53166,2024-09-06T21:04:48.253Z,,2025-04-03T12:06:56.825Z
63,kaspa,kas,Kaspa,https://coin-images.coingecko.com/coins/images/25751/large/kaspa-icon-exchanges.png?1696524837,0.061729,1606022874,64,1609904802,98061763.0,0.068414,0.0618,-0.00447337218082746,-6.75713,-113896203.54726195,-6.62218,25900045779.39798,25962648945.00819,28704026601.0,0.207411,-70.19834,2024-08-01T00:40:47.164Z,0.00017105,36036.85234,2022-05-26T14:42:59.316Z,,2025-04-03T12:07:01.112Z
64,celestia,tia,Celestia,https://coin-images.coingecko.com/coins/images/31967/large/tia.jpg?1696530772,2.73,1601268186,65,3049545675,118385113.0,3.19,2.73,-0.31914051609169114,-10.46963,-180335648.15790105,-10.1221,584318047.263137,1112808328.766775,,20.85,-86.89849,2024-02-10T14:30:02.495Z,2.08,31.11488,2023-10-31T15:14:31.951Z,,2025-04-03T12:07:04.093Z
65,polygon-ecosystem-token,pol,POL (ex-MATIC),https://coin-images.coingecko.com/coins/images/32440/large/polygon.png?1698233684,0.182237,1579678422,66,1899444620,135474139.0,0.19949,0.181476,-0.012868673729987234,-6.59574,-109857276.65128493,-6.50222,8642618653.609846,10392099602.65342,,1.29,-85.82988,2024-03-13T18:55:06.692Z,0.181476,0.53589,2025-04-03T11:05:48.105Z,,2025-04-03T12:07:02.937Z
66,algorand,algo,Algorand,https://coin-images.coingecko.com/coins/images/4380/large/download.png?1696504978,0.173475,1483301554,67,1483727602,113813054.0,0.195084,0.173346,-0.01267822976701427,-6.81063,-108212982.11043477,-6.79937,8535016637.026206,8537468143.966734,10000000000.0,3.56,-95.11908,2019-06-20T14:51:19.480Z,0.087513,98.61729,2023-09-11T19:42:08.247Z,"{'times': -0.9277186178106837, 'currency': 'usd', 'percentage': -92.77186178106837}",2025-04-03T12:07:01.208Z
67,sonic-3,s,Sonic (prev. FTM),https://coin-images.coingecko.com/coins/images/38108/large/200x200_Sonic_Logo.png?1734679256,0.445385,1420065179,68,1420065179,227116464.0,0.519323,0.445908,-0.04767951385013991,-9.67004,-151923585.4488871,-9.66442,3175000000.0,3175000000.0,,1.029,-56.72567,2025-01-04T21:35:44.705Z,0.359647,23.87064,2025-02-03T02:11:37.229Z,,2025-04-03T12:07:02.758Z
68,arbitrum,arb,Arbitrum,https://coin-images.coingecko.com/coins/images/16547/large/arb.jpg?1721358242,0.299698,1388286034,69,3006305951,214351045.0,0.336123,0.298119,-0.023084758266587013,-7.15178,-106801288.29282975,-7.14348,4617913336.0,10000000000.0,10000000000.0,2.39,-87.42317,2024-01-12T12:29:59.231Z,0.298119,0.83959,2025-04-03T11:06:17.713Z,,2025-04-03T12:07:02.783Z
69,kucoin-shares,kcs,KuCoin,https://coin-images.coingecko.com/coins/images/1047/large/sa9z79.png?1696502152,10.33,1294693829,70,1475887304,225499.0,10.93,10.31,-0.5079019871869974,-4.68795,-61187623.863049984,-4.51276,125043917.8513356,142543917.8513356,,28.83,-64.18552,2021-12-01T15:09:35.541Z,0.342863,2911.48636,2019-02-07T00:00:00.000Z,,2025-04-03T12:07:03.313Z
70,solv-btc,solvbtc,Solv Protocol SolvBTC,https://coin-images.coingecko.com/coins/images/36800/large/solvBTC.png?1719810684,82612.0,1218541264,71,1294257208,3439065.0,87549.0,82295.0,-1730.0602726585494,-2.05125,-22409051.603331327,-1.8058,14735.97798078977,15651.62073838976,21000000.0,108929.0,-24.10534,2025-01-20T07:17:19.296Z,49058.0,68.5186,2024-08-05T06:28:45.311Z,,2025-04-03T12:06:59.338Z
71,eos,eos,EOS,https://coin-images.coingecko.com/coins/images/738/large/CG_EOS_Icon.png?1731705232,0.787061,1193459692,72,1652243940,606388208.0,0.848847,0.783526,-0.008089971376713523,-1.01741,-16788337.72896695,-1.38718,1516885789.1746,2100000000.0,2100000000.0,22.71,-96.54101,2018-04-29T07:50:33.540Z,0.402746,95.05592,2024-11-04T21:55:59.771Z,"{'times': -0.20498840449731365, 'currency': 'usd', 'percentage': -20.498840449731365}",2025-04-03T12:06:59.989Z
72,fetch-ai,fet,Artificial Superintelligence Alliance,https://coin-images.coingecko.com/coins/images/5681/large/ASI.png?1719827289,0.422654,1105325768,73,1151803121,120925861.0,0.47323,0.422161,-0.02690136970779955,-5.98399,-67728336.78523731,-5.77368,2604959126.672,2714493896.672,2714493896.672,3.45,-87.71413,2024-03-28T17:21:18.050Z,0.00816959,5094.53119,2020-03-13T02:24:18.347Z,"{'times': 3.874902379070473, 'currency': 'usd', 'percentage': 387.4902379070473}",2025-04-03T12:06:57.317Z
73,story-2,ip,Story,https://coin-images.coingecko.com/coins/images/54035/large/Transparent_bg.png?1738075331,4.24,1099389978,74,4253056586,100339043.0,4.61,4.14,0.099446,2.4039,25730294.0,2.3965,259030619.25,1002075608.13,,7.31,-41.82096,2025-02-26T16:11:25.410Z,1.0,325.36923,2025-02-14T03:11:08.309Z,,2025-04-03T12:06:55.631Z
74,optimism,op,Optimism,https://coin-images.coingecko.com/coins/images/25244/large/Optimism.png?1696524385,0.67248,1093622547,75,2898165072,211717045.0,0.753785,0.673356,-0.0579440826718588,-7.93293,-92258212.19622397,-7.77972,1620705846.0,4294967296.0,4294967296.0,4.84,-86.08506,2024-03-06T08:35:50.817Z,0.402159,67.61593,2022-06-18T20:54:52.178Z,,2025-04-03T12:07:03.542Z
75,binance-peg-weth,weth,Binance-Peg WETH,https://coin-images.coingecko.com/coins/images/39580/large/weth.png?1723006716,1792.1,1085468355,76,1085468355,56283443.0,1932.92,1785.73,-73.98847761237857,-3.96491,-48675905.19607592,-4.29186,604999.999959841,604999.999959841,,4098.26,-56.25245,2024-12-06T20:27:27.286Z,1775.96,0.95329,2025-03-30T22:12:35.885Z,,2025-04-03T12:07:03.107Z
76,maker,mkr,Maker,https://coin-images.coingecko.com/coins/images/1364/large/Mark_Maker.png?1696502423,1256.38,1065424367,77,1098489998,92580469.0,1415.33,1257.21,-117.5631057208434,-8.55664,-96487588.5239433,-8.30421,844647.1752433225,870860.9477583012,1005577.0,6292.31,-79.95145,2021-05-03T21:54:29.333Z,168.36,649.30875,2020-03-16T20:52:36.527Z,,2025-04-03T12:07:02.446Z
77,kelp-dao-restaked-eth,rseth,Kelp DAO Restaked ETH,https://coin-images.coingecko.com/coins/images/33800/large/Icon___Dark.png?1702991855,1861.06,1055927079,78,1055927079,1516072.0,2018.59,1859.27,-78.53932298049153,-4.04926,-44522194.98557782,-4.04582,566268.4733223729,566268.4733223729,,4216.2,-55.8103,2024-12-06T20:31:16.142Z,1854.35,0.47347,2025-03-31T00:45:32.471Z,,2025-04-03T12:07:01.173Z
78,jupiter-exchange-solana,jup,Jupiter,https://coin-images.coingecko.com/coins/images/34188/large/jup.png?1704266489,0.367404,1047404062,79,2577643265,119797956.0,0.422258,0.36432,-0.03291076221469191,-8.22122,-91580386.31146109,-8.04053,2844383333.32,6999978145.684532,10000000000.0,2.0,-81.5953,2024-01-31T15:02:47.304Z,0.36432,1.03648,2025-04-03T11:05:48.552Z,,2025-04-03T12:07:00.861Z
79,nexo,nexo,NEXO,https://coin-images.coingecko.com/coins/images/3695/large/CG-nexo-token-200x200_2x.png?1730414360,1.028,1028593770,80,1028593770,14474787.0,1.094,1.023,-0.031102175927779863,-2.93727,-30905755.25779307,-2.91701,1000000000.0,1000000000.0,1000000000.0,4.07,-74.70659,2021-05-12T14:37:47.535Z,0.04515276,2178.77161,2018-09-13T00:00:00.000Z,"{'times': 9.27777867781825, 'currency': 'usd', 'percentage': 927.777867781825}",2025-04-03T12:07:03.399Z
80,xdce-crowd-sale,xdc,XDC Network,https://coin-images.coingecko.com/coins/images/2912/large/xdc-icon.png?1696503661,0.065074,1024103872,81,2477721090,42807584.0,0.068211,0.06479,-0.001822338893251174,-2.72414,-26511305.160656333,-2.52341,15699208698.15,37982729642.7,,0.192754,-66.15137,2021-08-21T04:39:48.324Z,0.00039532,16404.33712,2019-07-22T00:00:00.000Z,"{'times': 3.831681057416964, 'currency': 'eth', 'percentage': 383.1681057416964}",2025-04-03T12:06:58.594Z
81,usdt0,usdt0,USDT0,https://coin-images.coingecko.com/coins/images/53705/large/usdt0.jpg?1737086183,0.998063,969824985,82,969824985,111097312.0,1.016,0.986725,-0.002368240867745564,-0.23672,5783536.0,0.59993,970596941.900138,970596941.900138,,1.052,-5.00042,2025-01-23T22:34:53.341Z,0.975737,2.42837,2025-02-28T01:35:58.101Z,,2025-04-03T12:06:57.676Z
82,quant-network,qnt,Quant,https://coin-images.coingecko.com/coins/images/3370/large/5ZOu7brX_400x400.jpg?1696504070,66.14,964085542,83,968614040,45997078.0,70.99,65.31,-2.390643497823717,-3.48841,-32528170.05793035,-3.26387,14544176.164091088,14612493.0,14612493.0,427.42,-84.49339,2021-09-11T09:15:00.668Z,0.215773,30616.83675,2018-08-23T00:00:00.000Z,"{'times': 14.883636459807672, 'currency': 'eth', 'percentage': 1488.3636459807672}",2025-04-03T12:07:04.562Z
83,movement,move,Movement,https://coin-images.coingecko.com/coins/images/39345/large/movement-testnet-token.png?1721878759,0.392102,961610962,84,3924942703,90944837.0,0.411415,0.37422,-0.004958296729679956,-1.24875,-13373213.430291533,-1.37163,2450000000.0,10000000000.0,10000000000.0,1.45,-72.94899,2024-12-10T04:05:51.093Z,0.37422,4.80515,2025-04-02T23:06:17.131Z,,2025-04-03T12:07:02.742Z
84,binance-staked-sol,bnsol,Binance Staked SOL,https://coin-images.coingecko.com/coins/images/40132/large/bnsol.png?1725968367,120.2,938383632,85,938383632,10338597.0,138.4,120.33,-10.931980893635199,-8.3367,-84089586.99546123,-8.22414,7793484.194148338,7793484.194148338,,297.96,-59.38414,2025-01-19T11:30:53.744Z,118.29,2.30251,2025-03-11T01:11:46.882Z,,2025-04-03T12:07:02.558Z
85,worldcoin-wld,wld,Worldcoin,https://coin-images.coingecko.com/coins/images/31069/large/worldcoin.jpeg?1696529903,0.724737,892072563,86,7276628361,198652861.0,0.800064,0.714883,-0.056230467579775234,-7.20011,-64891149.99466407,-6.78094,1225942178.855156,10000000000.0,10000000000.0,11.74,-93.82533,2024-03-10T00:10:42.330Z,0.708589,2.30813,2025-03-11T01:11:28.418Z,,2025-04-03T12:06:58.183Z
86,rocket-pool-eth,reth,Rocket Pool ETH,https://coin-images.coingecko.com/coins/images/20764/large/reth.png?1696520159,2024.23,882576608,87,882576608,2703021.0,2181.5,2015.92,-87.86164645713689,-4.15993,-37462250.17648542,-4.07181,435099.1871605638,435099.1871605638,,4814.31,-57.86924,2021-12-01T08:03:50.749Z,887.26,128.60236,2022-06-18T20:55:45.957Z,,2025-04-03T12:06:53.083Z
87,blockstack,stx,Stacks,https://coin-images.coingecko.com/coins/images/2069/large/Stacks_Logo_png.png?1709979332,0.566399,862479881,88,862479881,51813919.0,0.631867,0.56335,-0.03333503676322158,-5.5583,-51238238.70691824,-5.60766,1519817952.06903,1519817952.06903,1818000000.0,3.86,-85.33782,2024-04-01T12:34:58.342Z,0.04559639,1142.62875,2020-03-13T02:29:26.415Z,"{'times': 3.7199954338276284, 'currency': 'usd', 'percentage': 371.99954338276285}",2025-04-03T12:07:03.230Z
88,usual-usd,usd0,Usual USD,https://coin-images.coingecko.com/coins/images/38272/large/USD0LOGO.png?1716962811,0.997681,860882804,89,860882804,25594535.0,0.998257,0.997394,0.00016656,0.0167,-11151378.605545163,-1.27878,862880993.7721267,862880993.7721267,,1.33,-24.74306,2024-07-12T08:28:59.311Z,0.976415,2.178,2025-01-20T17:07:15.786Z,,2025-04-03T12:06:56.516Z
89,dexe,dexe,DeXe,https://coin-images.coingecko.com/coins/images/12713/large/DEXE_token_logo.png?1696512514,15.02,859768640,90,1452997263,35533279.0,15.3,14.17,0.729941,5.10916,43003893.0,5.26515,57103774.56313077,96504599.33609451,,32.38,-53.45236,2021-03-08T13:29:57.935Z,0.671563,2144.40053,2020-11-06T19:31:40.144Z,,2025-04-03T12:06:55.568Z
90,binance-bridged-usdc-bnb-smart-chain,usdc,Binance Bridged USDC (BNB Smart Chain),https://coin-images.coingecko.com/coins/images/35220/large/USDC.jpg?1707919050,0.999491,849804897,91,849804897,55167862.0,1.012,0.99337,-0.001292303799662498,-0.12913,-315642.0445545912,-0.03713,848999999.8398039,848999999.8398039,,1.031,-3.02938,2024-03-05T20:15:29.285Z,0.942892,6.03822,2024-12-05T22:30:25.440Z,,2025-04-03T12:07:02.477Z
91,immutable-x,imx,Immutable,https://coin-images.coingecko.com/coins/images/17233/large/immutableX-symbol-BLK-RGB.png?1696516787,0.469453,844260978,92,941816831,51097112.0,0.531148,0.463025,-0.03942461753677212,-7.74737,-68822715.82214558,-7.53739,1792834764.3898141,2000000000.0,2000000000.0,9.52,-95.05375,2021-11-26T01:03:01.536Z,0.378055,24.55337,2022-12-31T07:36:37.649Z,,2025-04-03T12:07:01.541Z
92,bonk,bonk,Bonk,https://coin-images.coingecko.com/coins/images/28600/large/bonk.jpg?1696527587,1.075e-05,834053181,93,957155203,182879949.0,1.265e-05,1.076e-05,-1.293595158672e-06,-10.74442,-101628173.59453905,-10.86141,77419592329436.58,88846331668601.27,88846448578292.69,5.825e-05,-81.53936,2024-11-20T04:01:06.465Z,8.6142e-08,12383.22328,2022-12-29T22:48:46.755Z,,2025-04-03T12:07:03.580Z
93,polygon-bridged-usdt-polygon,usdt,Polygon Bridged USDT (Polygon),https://coin-images.coingecko.com/coins/images/35023/large/USDT.png?1707233644,0.998651,814799795,94,814799795,25210781.0,1.004,0.994396,-0.001745342235997427,-0.17447,477396.0,0.05862,814870995.976455,814870995.976455,,1.027,-2.64682,2024-04-14T06:51:56.926Z,0.945933,5.67412,2024-12-05T22:30:30.789Z,,2025-04-03T12:07:04.287Z
94,flare-networks,flr,Flare,https://coin-images.coingecko.com/coins/images/28624/large/FLR-icon200x200.png?1696527609,0.01303064,799042917,95,1350354392,13158745.0,0.01369574,0.01278472,-0.000271007959967505,-2.0374,-14782469.377817988,-1.81642,61105926456.57217,103266863891.2623,,0.150073,-91.30432,2023-01-10T03:14:05.921Z,0.00827405,57.72038,2023-10-19T03:35:41.663Z,,2025-04-03T12:06:57.110Z
95,injective-protocol,inj,Injective,https://coin-images.coingecko.com/coins/images/12882/large/Other_200x200.png?1738782212,8.15,798598732,96,817171233,90104311.0,9.05,8.13,-0.4540035216215461,-5.2768,-41874652.63321173,-4.98227,97727220.33,100000000.0,,52.62,-84.46131,2024-03-14T15:06:22.124Z,0.657401,1143.77094,2020-11-03T16:19:30.576Z,,2025-04-03T12:07:00.171Z
96,sei-network,sei,Sei,https://coin-images.coingecko.com/coins/images/28205/large/Sei_Logo_-_Transparent.png?1696527207,0.161352,789595741,97,1617241583,132566359.0,0.177153,0.160791,-0.010616590882865096,-6.17357,-52001341.55146229,-6.17889,4882361111.0,10000000000.0,,1.14,-85.82765,2024-03-16T02:30:23.904Z,0.095364,69.37753,2023-10-19T08:05:30.655Z,,2025-04-03T12:07:02.122Z
97,the-graph,grt,The Graph,https://coin-images.coingecko.com/coins/images/13397/large/Graph_Token.png?1696513159,0.080912,774668628,98,875226573,53902535.0,0.089755,0.080758,-0.005892476114119957,-6.7882,-56130798.74300587,-6.75624,9548531509.16547,10788004319.0,10788004319.0,2.84,-97.1436,2021-02-12T07:28:45.775Z,0.052051,55.93284,2022-11-22T10:05:03.503Z,,2025-04-03T12:06:57.016Z
98,theta-token,theta,Theta Network,https://coin-images.coingecko.com/coins/images/2538/large/theta-token-logo.png?1696503349,0.769255,769864199,99,769864199,32550870.0,0.849618,0.766302,-0.03305941199325613,-4.12051,-32867070.96550548,-4.09441,1000000000.0,1000000000.0,1000000000.0,15.72,-95.09965,2021-04-16T13:15:11.190Z,0.04039979,1806.74482,2020-03-13T02:24:16.483Z,"{'times': 4.128365795309906, 'currency': 'usd', 'percentage': 412.8365795309906}",2025-04-03T12:06:56.403Z
99,tether-gold,xaut,Tether Gold,https://coin-images.coingecko.com/coins/images/10481/large/Tether_Gold.png?1696510471,3119.76,769559947,100,769559947,47362545.0,3179.01,3120.25,-21.10515302951262,-0.67195,-5178943.243205905,-0.66848,246524.33,246524.33,,3190.62,-2.19749,2025-04-01T00:42:40.216Z,1447.84,115.52823,2020-03-19T13:45:41.821Z,,2025-04-03T12:06:56.423Z
